<project xmlns="http://maven.apache.org/POM/4.0.0"...>
  <groupId>com.your.organization</groupId>
  <artifactId>com.your.organization.command</artifactId
  <modelVersion>4.0.0</modelVersion>
  <version>1.0.0</version>
  <packaging>bundle</packaging>
  <url>http://www.myurl.org</url>

  <dependencies>
       <dependency>
          <groupId>org.apache.karaf.shell</groupId>
          <artifactId>org.apache.karaf.shell.console</artifactId>
          <version>2.3.2</version>
       </dependency>
 </dependencies>
 <build>
      <plugins>
          <groupId>org.apache.felix</groupId>
            <artifactId>maven-bundle-plugin</artifactId>
            <configuration>
              <instructions>
                  <Bundle-SymbolicName>${project.artifactId}</Bundle-SymbolicName>
                  <Export-Package>
                      com.your.organization*;version=${project.version}
                  </Export-Package>
                  <Import-Package>!${project.artifactId}*,
                    org.apache.felix.service.command,
                    org.apache.felix.gogo.commands,
                    org.apache.karaf.shell.console,
                    *
                  </Import-Package>
                  <Private-Package>!*</Private-Package>
               </instructions>
             </configuration>
      </plugins>
  </build>



</project>